-- phpMyAdmin SQL Dump
-- version 4.7.4
-- https://www.phpmyadmin.net/
--
-- Host: 127.0.0.1
-- Generation Time: Dec 21, 2017 at 01:40 PM
-- Server version: 10.1.28-MariaDB
-- PHP Version: 7.1.11

SET SQL_MODE = "NO_AUTO_VALUE_ON_ZERO";
SET AUTOCOMMIT = 0;
START TRANSACTION;
SET time_zone = "+00:00";


/*!40101 SET @OLD_CHARACTER_SET_CLIENT=@@CHARACTER_SET_CLIENT */;
/*!40101 SET @OLD_CHARACTER_SET_RESULTS=@@CHARACTER_SET_RESULTS */;
/*!40101 SET @OLD_COLLATION_CONNECTION=@@COLLATION_CONNECTION */;
/*!40101 SET NAMES utf8mb4 */;

--
-- Database: `lsapp`
--

-- --------------------------------------------------------

--
-- Table structure for table `admins`
--

CREATE TABLE `admins` (
  `id` int(10) UNSIGNED NOT NULL,
  `name` varchar(191) COLLATE utf8mb4_unicode_ci NOT NULL,
  `email` varchar(191) COLLATE utf8mb4_unicode_ci NOT NULL,
  `job_title` varchar(191) COLLATE utf8mb4_unicode_ci NOT NULL,
  `password` varchar(191) COLLATE utf8mb4_unicode_ci NOT NULL,
  `remember_token` varchar(100) COLLATE utf8mb4_unicode_ci DEFAULT NULL,
  `created_at` timestamp NULL DEFAULT NULL,
  `updated_at` timestamp NULL DEFAULT NULL
) ENGINE=InnoDB DEFAULT CHARSET=utf8mb4 COLLATE=utf8mb4_unicode_ci;

--
-- Dumping data for table `admins`
--

INSERT INTO `admins` (`id`, `name`, `email`, `job_title`, `password`, `remember_token`, `created_at`, `updated_at`) VALUES
(1, 'dayan', 'dayan@yahoo.com', 'student', '$2y$10$b/yJiF7LkJDDqHxIo2xXv.08Tc22/W.nKgPUpCk7EgbuLAPTLL29m', NULL, '2017-12-18 19:45:21', '2017-12-18 19:45:21');

-- --------------------------------------------------------

--
-- Table structure for table `migrations`
--

CREATE TABLE `migrations` (
  `id` int(10) UNSIGNED NOT NULL,
  `migration` varchar(191) COLLATE utf8mb4_unicode_ci NOT NULL,
  `batch` int(11) NOT NULL
) ENGINE=InnoDB DEFAULT CHARSET=utf8mb4 COLLATE=utf8mb4_unicode_ci;

--
-- Dumping data for table `migrations`
--

INSERT INTO `migrations` (`id`, `migration`, `batch`) VALUES
(1, '2014_10_12_000000_create_users_table', 1),
(2, '2014_10_12_100000_create_password_resets_table', 1),
(3, '2017_12_15_060832_create_posts_table', 1),
(4, '2017_12_15_143352_add_user_id_to_posts', 2),
(5, '2017_12_16_045440_add_cover_image_to_posts', 3),
(6, '2017_12_17_130529_create_admins_table', 4),
(7, '2017_12_17_160222_create_admins_table', 5),
(8, '2017_12_19_011530_create_admins_table', 6);

-- --------------------------------------------------------

--
-- Table structure for table `password_resets`
--

CREATE TABLE `password_resets` (
  `email` varchar(191) COLLATE utf8mb4_unicode_ci NOT NULL,
  `token` varchar(191) COLLATE utf8mb4_unicode_ci NOT NULL,
  `created_at` timestamp NULL DEFAULT NULL
) ENGINE=InnoDB DEFAULT CHARSET=utf8mb4 COLLATE=utf8mb4_unicode_ci;

--
-- Dumping data for table `password_resets`
--

INSERT INTO `password_resets` (`email`, `token`, `created_at`) VALUES
('chowdhurysaniyad@gmail.com', '$2y$10$4lFOXq9feSUNJpQsvKPkVuC0jESdsgZkup93PVl5hYsKP76sU3oAi', '2017-12-15 21:05:48');

-- --------------------------------------------------------

--
-- Table structure for table `posts`
--

CREATE TABLE `posts` (
  `id` int(10) UNSIGNED NOT NULL,
  `title` varchar(191) COLLATE utf8mb4_unicode_ci NOT NULL,
  `body` mediumtext COLLATE utf8mb4_unicode_ci NOT NULL,
  `created_at` timestamp NULL DEFAULT NULL,
  `updated_at` timestamp NULL DEFAULT NULL,
  `user_id` int(11) NOT NULL,
  `cover_image` varchar(191) COLLATE utf8mb4_unicode_ci NOT NULL
) ENGINE=InnoDB DEFAULT CHARSET=utf8mb4 COLLATE=utf8mb4_unicode_ci;

--
-- Dumping data for table `posts`
--

INSERT INTO `posts` (`id`, `title`, `body`, `created_at`, `updated_at`, `user_id`, `cover_image`) VALUES
(12, 'রিভার্স ইঞ্জিনিয়ারিং', '<p>গোড়া থেকে শুরু করলে দেখা যায় মা আইশার (রাদিয়াল্লাহু আনহা) অল্পবয়সে বিয়ে হয়। তিনি নিঃসন্তান ছিলেন। তিনি অত্যন্ত মেধাবী ছিলেন। যার ফলে তিনি নবীজির (সাল্লাল্লাহু আলাইহি ওয়া সাল্লাম) সাহচর্যে ইসলামী শরীয়তের গভীর জ্ঞান লাভ করেন এবং পরবর্তী সময়ে সেই জ্ঞান শিক্ষা দেন। প্রথমপক্ষ উনার এই বিদ্বান জীবনের উপসংহারটুকু নেন এবং পারিপার্শ্বিকতা সযত্নে এড়িয়ে যান।</p>\r\n\r\n<p>দ্বিতীয়ত, উম্ম সালামাহর (রাদিয়াল্লাহু আনহা) রাজনৈতিক পরামর্শদাতা ভূমিকার যে উপস্থাপন দেখা যায় সে ঘটনাটিকেও নৈর্ব্যক্তিকভাবে দেখা যাক। প্রতিটি সফরের আগেই নবীজির (সাল্লাল্লাহু আলাইহি ওয়া সাল্লাম) স্ত্রীদের মধ্যে কে নবীজির সফরসঙ্গী হবেন সেটা নির্ধারণের জন্য লটারি হতো। হুদাইবিয়ার সন্ধির সেই সফরে উম্ম সালামা নির্বাচিত হন। তাই ঘটনাস্থলে তাঁকে দেখা যায়। অর্থাৎ তাঁর রাজনৈতিক দূরদর্শিতা তাঁর সফরসঙ্গী হওয়ার কারণ ছিল না। এখানেও রিভার্স ইঞ্জিনিয়ারিং এবং কনফার্মেশান বায়াসের জয়গান গেয়ে এই ঘটনা থেকে রাজনৈতিক অঙ্গনে মুসলিমাহদের অংশগ্রহণকে জেনারালাইজ করার শিক্ষা নেওয়া হয়।</p>\r\n\r\n<p>অপরদিকে দ্বিতীয়পক্ষের তথ্যপ্রমাণের বড় অংশ জুড়ে থাকেন ফাতিমা&nbsp;(রাদিয়াল্লাহু আনহা)। সেই সাথে কুরআন ও হাদিস থেকেও অন্যান্য দলীল প্রমাণ থাকে। কিন্তু এই পক্ষেও মা আইশার জ্ঞানচর্চা কিংবা নুসাইবা বিন্ত কাবের (রাদিয়াল্লাহু আনহা)&nbsp;জিহাদে অংশগ্রহণের মতো বিষয়গুলোকে কনফার্মেশান বায়াসের করাতে ছেঁটে ফেলা হয়। বিশেষ করে ইসলামী ইতিহাসে বিদূষী মুসলিমাহদের অবদানকে এড়িয়ে যাওয়া হয়। তারচেয়েও দৃষ্টিগ্রাহ্যভাবে ফাতিমার (রাদিয়াল্লাহু আনহা) আদলে মুসলিমাহদের ভূমিকা কঠোরভাবে সংজ্ঞায়িত ও সীমাবদ্ধ করে দেওয়া হয়।</p>\r\n\r\n<p>উভয়পক্ষের ব্যবচ্ছেদ তো হলো। তাহলে ভারসাম্য কোথায়? ওই যে, উৎসের নৈর্ব্যক্তিক পর্যালোচনায়। যেখানে মত থেকে প্রমাণের দিকে নয়, বরং প্রমাণ থেকে মতের দিকে যাওয়া হবে। ফলে মতের বিপরীতের প্রমাণসমূহ ছেঁটে না ফেলে সেগুলোকে অন্তর্ভুক্ত করে ভারসাম্যপূর্ণ মতের দিকে এগোনো সহজ হবে। সেভাবে এগোনোর একটা প্রয়াস নেওয়া যাক। ঠিক-ভুল বিজ্ঞজনেরা আলোচনা করবেন। আর সর্ববিষয়ে আল্লাহই তো অধিক জানেন। আমরা সেই জ্ঞানের অনুগামী হওয়ার চেষ্টা করতে পারি মাত্র।</p>\r\n\r\n<p>এই বিতর্কের মূল বিষয় হচ্ছে নারী-পুরুষের ভূমিকা। &nbsp;প্রথম প্রজন্মের ইসলামী সমাজের দিকে তাকালে আমরা এধরনের বিতর্কের অস্তিত্ব দেখতে পাই না। উপরন্তু, বিবাদমান দুই পক্ষের তথ্যপ্রমাণই প্রথম প্রজন্ম থেকে নেওয়া। তাই এ পর্যন্ত পাওয়া তথ্যর ভিত্তিতে যদি আমরা ধরে নেই যে, ইসলাম আসলে সমাজে নারী-পুরুষের ভূমিকা কঠোরভাবে সংজ্ঞায়িত করে দেয় না &ndash; তাহলে দুই কূলই রক্ষা পাচ্ছে। কিন্তু সেক্ষেত্রে নারী-পুরুষের &nbsp;দায়িত্ব সংজ্ঞায়িত করে দেওয়া অনেক আয়াত এবং হাদিস আপাতদৃষ্টিতে আমাদের এই বক্তব্যের বিরুদ্ধে চলে যায়।</p>\r\n\r\n<p>আসলেই কি তাই? নারী-পুরুষের দায়িত্ব সংজ্ঞায়িত করে দেওয়া এই তথ্যপ্রমাণগুলোকে আমরা এভাবে অন্তর্ভুক্ত করতে পারি: ইসলামের দৃষ্টিতে সমাজ একটা শরীরের মতো। এই শরীরের কঙ্কাল হচ্ছে কুরআন হাদিস থেকে আসা নারী-পুরুষের দায়িত্ববিষয়ক এই তথ্যপ্রমাণসমূহ। অর্থাৎ নারী-পুরুষের প্রাথমিক দায়িত্বগুলো অনেকটাই কঠোরভাবে সংজ্ঞায়িত। ঠিক যেমন অঙ্গপ্রত্যঙ্গের তুলনায় কঙ্কাল অনেকটাই দৃঢ়। যেমন পরিবারের ভরণ-পোষণের ভার পুরুষের উপর। কিন্তু সে ফসল ফলিয়ে সেই দায়িত্ব পালন করবে নাকি কলেজে ফিলোসফি পড়িয়ে, সে ব্যাপারে প্রশস্ততা রয়েছে। অর্থাৎ ভূমিকার ব্যাপারে প্রশস্ততা রয়েছে তবে তা মূলনীতির উপর ভিত্তি করে। যেমন- ভূমিকার মাধ্যমে মূল দায়িত্ব পালন করতে হবে এবং ভূমিকাটি হারাম হতে পারবে না। ঠিক যেমন মাংসপেশী কঙ্কালের গায়ে লেগে শরীরকে চলনশীল করে তোলে কিন্তু কঙ্কাল ভেঙ্গে যেতে পারে এমন কার্যক্রমে ব্যথার জানান দেয়।</p>\r\n\r\n<p>একটি সমাজ হচ্ছে বিভিন্ন রকম মানুষের সমষ্টি। এর অন্তর্গত মানুষদের দাবা বোর্ডের গুটির মতো কিংবা ফ্যাক্টরির কলকব্জার মতো বিবেচনা করলে কিংবা সেই ছাঁচে ফেলতে গেলে ভুল হবে। কারণ, কোনো দুইটি মানুষ একরকম নয়। তাদের দোষ-গুণ, দক্ষতা-দুর্বলতা ভিন্ন। তাই একটি সমাজ তখনই সুন্দরভাবে পরিচালিত হবে যখন এর উপাদানদের ভূমিকা কঠোরভাবে সংজ্ঞায়িত করা থেকে এর উপাদানেরা বিরত থাকবে এবং ফ্রেমওয়ার্ক বা কঙ্কালের সংরক্ষণের ব্যাপারে অধিক মনোযোগী হবে। অর্থাৎ একটি আদর্শ মুসলিম সমাজে নারী-পুরুষ তাদের ইসলাম কর্তৃক অর্পিত দায়িত্বগুলোকে প্রায়োরাটাইজ করে তাদের দক্ষতার দিক থেকে ভূমিকা রেখে সেই দায়িত্বগুলো পালন করবে। সমাজে মমতাময়ী মা যেমন প্রয়োজন তেমনি দক্ষ মহিলা চিকিৎসক, শিক্ষিকা এবং অন্যান্য পেশাতেও তাদের প্রয়োজন আছে। তাই বলে সবাইকেই কোনো পেশা বেছে নিতে হবে এমন কোনো কথা নেই। আবার বিশেষ ক্ষেত্রে মেধাসম্পন্ন নারীকে জোরপূর্বক গৃহিণীর ভূমিকাতেও আটকে রাখার প্রয়োজন নেই। গৃহিণীদের সাহায্য করতেও গৃহপরিচারিকার প্রয়োজন হয়। সমাজের প্রয়োজনেই নারী-পুরুষকে বিভিন্ন ভূমিকা পালন করতে হয়। সে অনুযায়ী তাদের দায়িত্বগুলোও পরিবারে ভাগাভাগি করে নিতে হয়। সার্বিকভাবে সমাজ হিসাবে দায়িত্বের প্রতি অধিক মনোযোগী এবং ভূমিকার ব্যাপারে অধিক সহনশীল ও প্রশস্ত হলেই কল্যাণকর। তাই আমরা এমন কোনো ঘটনা দেখতে পাই না যে, ফাতিমাকে (রাদিয়াল্লাহু আনহা) ঘরের কাজ করার জন্য হেয় করা হয়েছে কিংবা মা আইশাকে (রাদিয়াল্লাহু আনহা) দারস দেওয়ার জন্য দুকথা শুনিয়ে দেওয়া হয়েছে। বরং সবাইকেই নিজের মতো ভূমিকা পালনের সুবিধা দেওয়া হয়েছে কিন্তু সাধারণভাবে সমাজে নারী-পুরুষের প্রধান দায়িত্বের বিষয়ে সচেতনতা তৈরি করা হয়েছে।</p>', '2017-12-16 00:30:26', '2017-12-16 00:34:24', 1, 'post1_1513406064.jpg'),
(15, 'আল-কুরআনকে বন্ধু বানাতে চান ?', '<p>আচ্ছা যদি আপনি এমন কোনো বন্ধু পান, যে সুখে দুঃখে সব সময় আপনার পাশে থাকবে, তাহলে কি আপনি আনন্দিত হয়ে সেই বন্ধুকে কাছে টেনে নেবেন?<br />\r\n<br />\r\nএমন বন্ধু যে মন খারাপ হলে আপনাকে সান্ত্বনা দেবে, অসুস্থ হয়ে পড়লে আপনাকে শিফা পেতে সাহায্য করবে, শারীরিক মানসিক সব ধরনের কষ্টের ক্ষেত্রে আপনাকে ঢালের মতো রক্ষা করবে।<br />\r\n<br />\r\nএমন বন্ধু পেলে কে না তাকে কাছে টেনে নেবে, আপন করে রাখবে সব সময়, তাই না?<br />\r\n<br />\r\nমিথ্যা কথা। আমরা সবাই নিজের সাথে মিথ্যা কথা বলছি। আল্লাহ তা&#39;আলা আমাদের এমন বন্ধুই দিয়েছেন, যে আমাদেরকে একদম জান্নাতুল ফিরদাউস পর্যন্ত নিয়ে যাবে, কিন্তু আমরা সেই বন্ধুর কদর করিনি, তাকে আপন করে নিইনি। আল্লাহ আমাদের সেই বন্ধু উপহার দিয়েছেন যে আমাদের সংগ দেবে, আমাদের একাকীত্ব দূর করবে, রোগে শোকে আমাদের পাশে থাকবে।<br />\r\n<br />\r\nকিন্তু সেই প্রিয় বন্ধুকে আমরা শুধু দূরেই ঠেলে দিইনি তাকে আমরা ধুলোর মধ্যে কাপড় চাপা দিয়ে দাফন করে দিয়েছি। আমাদের ল্যাপটপ, স্মার্ট ফোন আমাদের কাছে যত প্রিয়, যত আপন, আল্লাহ প্রদত্ত সেই উপহার আমাদের কাছে তার একভাগও প্রিয় নয়।<br />\r\n<br />\r\nকোন বন্ধুর কথা বলছি এতক্ষণ ধরে?<br />\r\n<br />\r\nআমি একজনকে চিনি যিনি জেলখানায় থাকেন, দীর্ঘদিন তাকে একা একটি কামরায় রাখা হয়েছিল। জেলখানার সাইকিয়াট্রিস্ট সেখানে নিয়মিত বন্দীদের পরীক্ষা করত। সপ্তাহে একবার কি দু-বার চিকিৎসক সেখানে তার ডিউটি পালনের জন্য আসতও। জেলখানার সে জায়গায় বেশির ভাগ বন্দিই ছিল মানসিক ভাবে ভারসাম্যহীন। কারা কর্তৃপক্ষের লোকেরা যখন সে মানুষটির সেলের পাশ দিয়ে যেত, চিকিৎসক তাকে জিজ্ঞেস করত তার কিছু লাগবে কি না।<br />\r\n<br />\r\nলোকটি কোনো উত্তর দিতেন না বা মাঝে মাঝে বলতেন কিছু লাগবে না। চিকিৎসক এটা ভেবে অবাক হতো যে এই মানুষটি সপ্তাহের ৭ দিনের প্রতিদিনই ২৪ ঘণ্টা ধরে নির্জন সেলে কাটায়, তারপরেও সে খুশি এবং সন্তুষ্ট থাকে কী করে! চিকিৎসক তাকে জিজ্ঞাসা করলো, &lsquo;তোমাকে কেন এত নিশ্চিন্ত আর সুখী মনে হয়? তুমি তো কখনোই কিছু চাওনা!&rsquo; সে বন্দীটি চিকিৎসককে উত্তর দিয়েছিলেন, &lsquo;আমার সবচেয়ে প্রিয় বন্ধু আমার সাথে থাকে&rsquo;, এই বলে সে তার পাশ থেকে কুরআন বের করে চিকিৎসককে দেখাল।<br />\r\n<br />\r\nআল-কুরআনকে বন্ধু বানাতে চান, সবচেয়ে আপন বন্ধু? তার সাথে আপনার সুখ দুঃখ ভাগাভাগি করতে চান? বিচার দিবসে কুরআনকে আপনার পক্ষে চান? কুরআনকে ঠিক তেমন আকুলভাবে ভালোবাসতে চান যেভাবে সালাফরা ভালোবেসেছিলেন?<br />\r\n<br />\r\nএই পর্বটি তাহলে আপনার জন্য। আপনার আমার জন্য আল্লাহর কাছে দু&#39;আ যেহেতু আজ থেকেই কুরআনই হবে আমাদের সর্বোত্তম বন্ধু ইনশাআল্লাহ।</p>', '2017-12-18 10:22:51', '2017-12-18 10:22:51', 1, '1_1513614170.jpg'),
(16, 'দু\'আ আল্লাহর পক্ষ থেকে বিশেষ নিয়ামত', '<p>কেমন হতো যদি আমরা জানতে পারতাম, আমরা আল্লাহর কাছে যে দু&#39;আ করি সেটা কখন কবুল হবে? জানতে পারলে তো ভালোই হতো, কম বেশি আমরা সবাই এরকম ই মনে করে থাকি।<br />\r\n<br />\r\nকিন্তু বাস্তবতা এটাই যে, আমাদের দু&#39;আগুলো কবুল হওয়ার সব থেকে ভালো সময়, আমাদের রবই ভালো জানেন। একারণে আমাদের কিছু দু&#39;আ দ্রুত কবুল হয়, কিছু দু&#39;আ কবুল হতে এতো দেরি হয় যে, আমাদের মনে হয়, দু&#39;আ তো করেছি, আল্লাহ ভালো জানেন কবে কবুল হবে।<br />\r\n<br />\r\nএমন কখনো আপনাদের সাথে হয়েছে যে, দু&#39;আ কবুল করেছেন অথচ সেই দু&#39;আ পনেরো বছর পর কবুল হয়েছে?<br />\r\n<br />\r\nকিংবা এমন কখনো হয়েছে, এইমাত্র দু&#39;আ করে যে কাজে হাত দিলেন, সেই কাজেই আল্লাহ দু&#39;আ কবুল করেছেন?<br />\r\n<br />\r\nআজ আমরা দু&#39;আ কবুল নিয়ে কিছু বিস্ময়কর ঘটনা জানবো ইনশাআল্লাহ।<br />\r\n<br />\r\nদু&#39;আ আমাদের জন্য আল্লাহর পক্ষ থেকে বিশেষ নিয়ামত, আর দু&#39;আ কবুলের ব্যাপারগুলো আরও বিস্ময়কর।<br />\r\n<br />\r\nযে দু&#39;আ করে এখনই ফল না পেয়ে আমরা আফসোস করছি যে, ইশ! দু&#39;আ তো কবুল হয় না, এক সময় বেশ কিছু বছর পর যখন সেই একই দু&#39;আ কবুল হবে, তখন আমরা নিজেরাই সিজদাতে চলে যাবো আল্লাহর প্রতি কৃতজ্ঞতা প্রকাশের জন্য। এই কৃতজ্ঞতা শুধুই এই কারণে যে, আল্লাহ আমাদের দু&#39;আ তখনই কবুল না করে, দেরি করে কবুল করেছেন।<br />\r\n<br />\r\nদু&#39;আ করার পর সেগুলো তীরের মতোই ভাসতে থাকে আর আল্লাহর আদেশের অপেক্ষায় থাকে। আল্লাহ যখন আদেশ দেন সময় হয়েছে, তখন ই সেই দু&#39;আ কবুল হয়।</p>', '2017-12-18 10:24:33', '2017-12-18 10:24:58', 1, '2_1513614273.jpg'),
(17, 'কীভাবে দু\'আ করবো', '<p>কুরআন হিফজ করতে চাচ্ছেন, কিন্তু শুরুই করতে পাচ্ছেন না? দ্বীনী জীবন সঙ্গী খুঁজছেন কিন্তু আল্লাহ এখনো কবুল করেননি? পছন্দের চাকরি খুজছেন, কিন্তু পাচ্ছেন না? চাকরি হয়েছে কিন্তু প্রমোশন আটকে আছে? হালাল ব্যবসা শুরু করার পরও নানা কারণে পিছিয়ে পড়ছেন? বেটার হাফের সাথে মাঝে মাঝেই মনোমালিন্য হচ্ছে?<br />\r\n<br />\r\nএই সব সমস্যা থেকে বাঁচার জন্য নিশ্চয়ই আল্লাহর কাছে দু&#39;আ করছেন, কিন্তু কবুল হচ্ছে না।<br />\r\n<br />\r\nকবুল না হওয়ার কারণ আছে! কারণ হয়তো আপনি নিজেই! অনেক দু&#39;আ করেও হয়তো এক সময় অস্থির হয়ে বলে ফেললেন, উফ! আল্লাহ আর কবে আমার দু&#39;আ কবুল করবেন। ব্যস আপনার এত দিনের দু&#39;আর উপর আপনি নিজেই পানি ঢেলে দিলেন।<br />\r\n<br />\r\nআমরা কি কখনো ভেবে দেখেছি, আল্লাহ তো ইবলিশের দু&#39;আও কবুল করেছেন, যখন সে রবের কাছে বিচার দিবস পর্যন্ত অবকাশ চেয়েছিল। তাহলে আমরা কী দোষ করলাম? তবে কী আমরা ইবলিশের থেকেও খারাপ যে, আমাদের দু&#39;আ কবুল হচ্ছে না?<br />\r\n<br />\r\nআমরা ইনশাআল্লাহ অবশ্যই ইবলিশের থেকে খারাপ নই।<br />\r\n<br />\r\nতারপরও আমাদের দু&#39;আ কবুল হচ্ছে নাহ কেনো, কীভাবে দু&#39;আ করবো, কখন দু&#39;আ করবো ইত্যাদি দু&#39;আর ব্যাপারেই আমাদের আজকের পর্বটি।<br />\r\n<br />\r\nআর এই পর্বের মাধ্যমে &quot;ধূলিমলিন উপহার: রামাদান &quot; অডিও সিরিজের প্রথম দশটি পর্ব শেষ হচ্ছে আলহামদুলিল্লাহ্&zwnj;। পরবর্তী আঠারটি পর্বও খুব দ্রুত প্রকাশ করা হবে ইনশাআল্লাহ।</p>', '2017-12-18 10:25:57', '2017-12-18 10:25:57', 1, '3_1513614357.jpg'),
(18, 'হে আল্লাহ, আমার গুনাহ মাফ করে দিন', '<p>দ্বীনের পথে চলতে চলতে আমরা কম বেশি সবাই হোঁচট খাই। গুনাহ করে ফেলি। এরপর একসময় আল্লাহর ইচ্ছায় আমরা তওবা করি এবং আল্লাহর দিকে ফিরে আসি। এর কিছুদিন পর আমরা আবার পাপ করি এবং তওবা করে ফিরে আসি। এবং আমাদের বেশির ভাগ মুসলিমের ক্ষেত্রে এই চক্র চলতেই থাকে।<br />\r\n<br />\r\nএকসময় আমরা নিজেরাই নিজেদের উপর অনেকটা বিরক্ত আর হতাশ হয়ে যাই। ভাবি, এভাবেই পাপ আর তওবার চক্র চলতে থাকলে কীভাবে পরকালে সফল হবো?<br />\r\n<br />\r\nসহীহ আল-বুখারীর একটি চমৎকার হাদীস লক্ষ্য করুন। এক বান্দা গুনাহ করলো এবং বলল, &lsquo;হে আল্লাহ, আমাকে মাফ করে দিন।&rsquo; সুতরাং আল্লাহ বললেন, &ldquo;আমার বান্দা একটি গুনাহ করেছে এবং সে জানে যে তার একজন রব আছেন যিনি তার গুনাহ মাফ করেন এবং গুনাহের জন্য তাকে শাস্তি দেন। আমি তাকে মাফ করে দিলাম।&rsquo; এরপর সে ব্যক্তি আবার গুনাহ করলো।<br />\r\n<br />\r\nআল্লাহ আমাদের চিনেন, তিনি তাঁর বান্দাদের ভালো করেই জানেন। তিনি বলেছেন,<br />\r\n<br />\r\n&ldquo;যিনি সৃষ্টি করেছেন, তিনি কী করে জানবেন না?...&rdquo; (সূরা মুলক : ১৪)<br />\r\n<br />\r\nআল্লাহ জানেন যে আমরা বারবারই গুনাহ করবো, বেশি বেশি গুনাহ করতে থাকব। তিনি জানেন যে তিনি কাকে সৃষ্টি করেছেন এবং তাদের স্বভাব কেমন, কারণ তিনি আমাদের সৃষ্টিকর্তা।<br />\r\n<br />\r\nহাদিসে ফিরে আসি, সেই লোকটি আবারও গুনাহ করলো এবং বলল, &lsquo;হে আল্লাহ, আমার গুনাহ মাফ করে দিন।&rsquo; আল্লাহ বললেন, &lsquo;আমার বান্দা একটি গুনাহ করেছে এবং সে জানে যে তার একজন রব আছেন যিনি তার গুনাহ মাফ করেন এবং গুনাহের জন্য তাকে শাস্তি দেন। আমি তাকে মাফ করে দিলাম।&rsquo; এরপর সে তৃতীয়বারের মতো বলল, &lsquo;হে আল্লাহ, আমি গুনাহ করেছি, আমাকে মাফ করে দিন।&rsquo; লক্ষ্য করুন, তিন বার! আল্লাহ বললেন, &lsquo;আমার বান্দা একটি গুনাহ করেছে এবং সে জানে যে তার একজন রব আছেন যিনি তার গুনাহ মাফ করেন এবং গুনাহের জন্য তাকে শাস্তি দেন। তুমি যা ইচ্ছে করো, আমি তোমাকে মাফ করে দিলাম।&rsquo; আসলেই আল্লাহ বলছেন, &lsquo;তুমি যা ইচ্ছে করো, আমি তোমাকে মাফ করে দিলাম।&rsquo; তবে এর মানে এই না যে আপনি জান্নাতের ফ্রী টিকেট পেয়ে গেলেন। এর মানে হলো আল্লাহ আপনাকে ততক্ষণ ক্ষমা করতে থাকবেন যতক্ষণ আপনি আন্তরিকভাবে তাওবাহ করতে থাকবেন। (যেমনটা হাদীসের প্রথম অংশে বলা হয়েছে)।<br />\r\n<br />\r\nআল্লাহর কসম, এই হাদীসের মাধ্যমে এত বেশি আশার সঞ্চার হয় যে মাঝে মাঝে আমাদের সাবধান করে দিতে হয় যে অতিরিক্ত আশা করে নিজের বিপদ ডেকে আনবেন না। বেশি আবেগতাড়িত হবেন না। পরবর্তীতে আবার গুনাহ করবো -- এই চিন্তা মাথায় রেখে তাওবা করবেন না। এটি জালিয়াতি, আল্লাহর সাথে একধরণের প্রতারণা করার চেষ্টা।</p>', '2017-12-18 10:27:27', '2017-12-18 10:27:27', 1, '4_1513614447.jpg'),
(19, 'তাওবা', '<p>তাওবা বান্দা আর আল্লাহর মধ্যকার একটা অসাধারণ চুক্তি। আপনি কী চুক্তি করছেন দেখুন। আপনি একটা গুনাহ করলেন, নিজের উপর জুলুম করলেন, এরপরও আপনি তাওবা করুন, গুনাহর কাজ থেকে সরে আসুন, আল্লাহ আপনার সকল গুনাহ মাফ করে দেবেন। রামাদানের জন্য কেউ কি খাবার-দাবার কেনার কথা ভুলেছে? না। মাগরিবের আগেই সবাই ইফতার রেডি করে ফেলে। অথচ নিজেকে রেডি করার কথা আমরা ভুলে যাই। রামাদানের খাবার জমানোর চাইতে তাওবাহ, ইস্তিগফার, আর ভালো আমল করা কী বেশি জরুরি না?<br />\r\n<br />\r\nহে আমার রব, আমার গুনাহ যদি পাহাড় সমানও হয়ে থাকে, তোমার ক্ষমা তো তারচেয়েও বড়! যদি নেককাররাই কেবল তোমাকে ডাকতে থাকে, তবে আমার মত পাপীরা কোথায় যাবে?<br />\r\n<br />\r\nহে আমার রব, তুমি আমাকে যেভাবে ডাকতে বলেছ, আমি সেভাবেই তোমাকে ডাকি। বিনয়ের সাথে, একাগ্র হয়ে। তুমি যদি আমার ডাক না শুনো, তাহলে কে শুনবে? তুমি যদি আমাকে ফিরিয়ে দাও, তাহলে কে আমাকে ক্ষমা করবে? তুমি যদি আমার উপর দয়া না করো, তাহলে আর কে দয়া করবে?<br />\r\n<br />\r\nতুমি ছাড়া আমার আর কোনো আশা নেই ইয়া রব! তোমার উপরই আমার সকল আশা ভরসা, নিশ্চয়ই তুমি আমাকে ক্ষমা করে দিবে! আমি তো একজন মুসলিম।<br />\r\n<br />\r\n&quot;ধূলিমলিন উপহার: রামাদান &quot; অডিও সিরিজের ৮ম পর্বে তওবা এবং তওবার একটি বিশেষ রূপ ইনাবা নিয়ে বিস্তারিত আলোচনা করা হয়েছে।</p>', '2017-12-18 10:28:24', '2017-12-18 10:28:24', 1, '5_1513614504.jpg'),
(20, 'আপনিও সেই জান্নাতে প্রবেশ করবেন', '<p>আপনি কি মনে করেন যে বিলাল রা., আবু বকর রা., খালিদ, উমার রা., হাফসা রা.আর সুমাইয়াহ রা. যে জান্নাতে প্রবেশ করবেন -- আপনিও সেই জান্নাতে প্রবেশ করবেন, অথচ তারা যে কাজ করেছেন তা না করেই?<br />\r\n<br />\r\nআপনি কি মনে করেন যে শুধু শাহাদাহ পাঠ করেছেন, মুসলিম হয়ে জন্মেছেন বলে আপনার হাতে জান্নাতের টিকেট ধরিয়ে দেওয়া হবে যেখানে আপনি নিদ্রাহীন ইবাদতের একটি রাতও কাটাননি?<br />\r\n<br />\r\nসালাফদের ব্যাপারে আমরা বিস্ময়কর কিছু জিনিস দেখি। তাদের মাঝে এমন অনেকে ছিল, যদি তাদের বলা হতো -- আগামীকাল আপনি মৃত্যুবরণ করবেন, তারপরেও তাদের বিশেষ ভাবে অতিরিক্ত ইবাদত করার মত সময় পাওয়া যেতো না, কারণ তাদের দৈনন্দিন জীবনেই অনেক বেশি ইবাদাত করতেন। তাদের প্রাত্যহিক জীবনটাই ছিল এমন যেন তারা সেদিনই অথবা তার পরদিনই মৃত্যুবরণ করবেন।<br />\r\n<br />\r\nআপনি হয়তো বলতে পারেন -- আমরা তো তাদের মত হতে পারবো না। আল্লাহর কসম, এটা সম্ভব। সাহাবারা কোন ওয়াহী পাননি, আমরাও পাই না। যারা ওয়াহী পেতেন, তাদের তাবীঈরাও দেখেননি, আমরাও দেখিনা।<br />\r\n<br />\r\nকিন্তু তাদের দৃঢ় সংকল্প ছিলো, আমাদের নেই -- এটাই সমস্যা। এটা কঠিন, কিন্তু অসম্ভব না। আমরা বড় বড় উদাহরণগুলো দিই যাতে অন্তত ছোটো একটি অংশ করতে পারি। তাহলে আমরা সকল বাধা অতিক্রম করে সফলকাম হতে পারবো -- জাহান্নাম থেকে মুক্তি আর জান্নাতে দাখিল হবো।</p>', '2017-12-18 10:29:47', '2017-12-18 10:29:47', 1, '6_1513614587.jpg'),
(21, 'রামাদানে সুবাস', '<p>নবী (সা) আতর বা সুগন্ধি খুব পছন্দ করতেন। আর তাই আমরাও আতর খুব পছন্দ করি। আশেপাশে কোনো আতর বিক্রেতা থাকলে অথবা পরিচিত কোনো ভাই নতুন কোনো সুগন্ধি ব্যবহার করলে, আমরা সেই আতরের নাম জানতে চাই, আতরের সুবাস নিই।<br />\r\n<br />\r\nএকটা বিশেষ সময়ে আল্লাহর পক্ষ থেকে প্রতি বছর আমাদের জন্য সুশীতল সুবাস প্রবাহিত হয়, কিন্তু আমরা এই সুবাসের ব্যাপারে বেশিরভাগ মুসলিম গাফেল থাকি। অনেকে তো জানিই না সেই সুবাস কখন প্রবাহিত হয়।<br />\r\n<br />\r\nআজকে আমরা আল্লাহর পক্ষ থেকে যেই প্রশান্তির সুবাস প্রতি বছর প্রবাহিত হয় সেই ব্যাপারে জানবো।<br />\r\n<br />\r\nএকটি হাদিসে রাসূল (সা), মর্যাদাপূর্ণ দিনগুলিকে (যেমন রমাদানের দিনগুলো অথবা জিলহজ্জ মাসের প্রথম দশ দিন) একটি মৃদুমন্দ ক্ষণস্থায়ী সুশীতল বাতাসের সাথে তুলনা করেছেন। যা অনাবিল প্রশান্তির সুবাস বহন করে।<br />\r\n<br />\r\nএই বাতাস আমাদের চারপাশ দিয়ে বয়ে যায় ঠিকই তবে এটি মুহূর্তের মধ্যেই বিলীন হয়ে যায়। একারণে এই বাতাস একবার চলে গেলে অর্থাৎ রমাদান শেষ হয়ে গেলে এই বাতাস উপভোগের আর কোনো সুযোগ থাকে না।<br />\r\n<br />\r\nরামাদানে সুবাস সেটা আবার কী? আর এই সুবাস কীভাবেই বা নিতে হয়?<br />\r\n<br />\r\nএসব প্রশ্নের উত্তর নিয়েই আজকের &quot;ধূলিমলিন উপহার: রামাদান &quot; অডিও সিরিজের ষষ্ঠ পর্ব।</p>', '2017-12-18 10:31:09', '2017-12-18 10:31:09', 1, '7_1513614669.jpg'),
(22, 'হে আল্লাহ, আমার গুনাহ মাফ করে দিন', '<p>দ্বীনের পথে চলতে চলতে আমরা কম বেশি সবাই হোঁচট খাই। গুনাহ করে ফেলি। এরপর একসময় আল্লাহর ইচ্ছায় আমরা তওবা করি এবং আল্লাহর দিকে ফিরে আসি। এর কিছুদিন পর আমরা আবার পাপ করি এবং তওবা করে ফিরে আসি। এবং আমাদের বেশির ভাগ মুসলিমের ক্ষেত্রে এই চক্র চলতেই থাকে।<br />\r\n<br />\r\nএকসময় আমরা নিজেরাই নিজেদের উপর অনেকটা বিরক্ত আর হতাশ হয়ে যাই। ভাবি, এভাবেই পাপ আর তওবার চক্র চলতে থাকলে কীভাবে পরকালে সফল হবো?<br />\r\n<br />\r\nসহীহ আল-বুখারীর একটি চমৎকার হাদীস লক্ষ্য করুন। এক বান্দা গুনাহ করলো এবং বলল, &lsquo;হে আল্লাহ, আমাকে মাফ করে দিন।&rsquo; সুতরাং আল্লাহ বললেন, &ldquo;আমার বান্দা একটি গুনাহ করেছে এবং সে জানে যে তার একজন রব আছেন যিনি তার গুনাহ মাফ করেন এবং গুনাহের জন্য তাকে শাস্তি দেন। আমি তাকে মাফ করে দিলাম।&rsquo; এরপর সে ব্যক্তি আবার গুনাহ করলো।<br />\r\n<br />\r\nআল্লাহ আমাদের চিনেন, তিনি তাঁর বান্দাদের ভালো করেই জানেন। তিনি বলেছেন,<br />\r\n<br />\r\n&ldquo;যিনি সৃষ্টি করেছেন, তিনি কী করে জানবেন না?...&rdquo; (সূরা মুলক : ১৪)<br />\r\n<br />\r\nআল্লাহ জানেন যে আমরা বারবারই গুনাহ করবো, বেশি বেশি গুনাহ করতে থাকব। তিনি জানেন যে তিনি কাকে সৃষ্টি করেছেন এবং তাদের স্বভাব কেমন, কারণ তিনি আমাদের সৃষ্টিকর্তা।<br />\r\n<br />\r\nহাদিসে ফিরে আসি, সেই লোকটি আবারও গুনাহ করলো এবং বলল, &lsquo;হে আল্লাহ, আমার গুনাহ মাফ করে দিন।&rsquo; আল্লাহ বললেন, &lsquo;আমার বান্দা একটি গুনাহ করেছে এবং সে জানে যে তার একজন রব আছেন যিনি তার গুনাহ মাফ করেন এবং গুনাহের জন্য তাকে শাস্তি দেন। আমি তাকে মাফ করে দিলাম।&rsquo; এরপর সে তৃতীয়বারের মতো বলল, &lsquo;হে আল্লাহ, আমি গুনাহ করেছি, আমাকে মাফ করে দিন।&rsquo; লক্ষ্য করুন, তিন বার! আল্লাহ বললেন, &lsquo;আমার বান্দা একটি গুনাহ করেছে এবং সে জানে যে তার একজন রব আছেন যিনি তার গুনাহ মাফ করেন এবং গুনাহের জন্য তাকে শাস্তি দেন। তুমি যা ইচ্ছে করো, আমি তোমাকে মাফ করে দিলাম।&rsquo; আসলেই আল্লাহ বলছেন, &lsquo;তুমি যা ইচ্ছে করো, আমি তোমাকে মাফ করে দিলাম।&rsquo; তবে এর মানে এই না যে আপনি জান্নাতের ফ্রী টিকেট পেয়ে গেলেন। এর মানে হলো আল্লাহ আপনাকে ততক্ষণ ক্ষমা করতে থাকবেন যতক্ষণ আপনি আন্তরিকভাবে তাওবাহ করতে থাকবেন। (যেমনটা হাদীসের প্রথম অংশে বলা হয়েছে)।<br />\r\n<br />\r\nআল্লাহর কসম, এই হাদীসের মাধ্যমে এত বেশি আশার সঞ্চার হয় যে মাঝে মাঝে আমাদের সাবধান করে দিতে হয় যে অতিরিক্ত আশা করে নিজের বিপদ ডেকে আনবেন না। বেশি আবেগতাড়িত হবেন না। পরবর্তীতে আবার গুনাহ করবো -- এই চিন্তা মাথায় রেখে তাওবা করবেন না। এটি জালিয়াতি, আল্লাহর সাথে একধরণের প্রতারণা করার চেষ্টা।</p>', '2017-12-18 22:29:21', '2017-12-18 22:29:21', 1, '2_1513657761.jpg'),
(23, 'হে আল্লাহ, আমার গুনাহ মাফ করে দিন', '<p>fdsgs</p>', '2017-12-18 22:35:10', '2017-12-18 22:35:10', 5, '2_1513658110.jpg'),
(25, 'হে আল্লাহ, আমার গুনাহ মাফ করে দিন', '<p>fhhj</p>', '2017-12-18 23:04:28', '2017-12-18 23:04:28', 7, '2_1513659868.jpg'),
(26, 'হে আল্লাহ, আমার গুনাহ মাফ করে দিন', '<p>This is an islamic post</p>', '2017-12-18 23:13:30', '2017-12-18 23:13:30', 8, '4_1513660410.jpg'),
(27, 'হে আল্লাহ, আমার গুনাহ মাফ করে দিন', '<p>hello</p>', '2017-12-18 23:55:57', '2017-12-18 23:55:57', 10, '2_1513662957.jpg'),
(28, 'hi', '<p>hhh</p>', '2017-12-18 23:57:34', '2017-12-18 23:57:34', 10, 'noimage.jpg');

-- --------------------------------------------------------

--
-- Table structure for table `users`
--

CREATE TABLE `users` (
  `id` int(10) UNSIGNED NOT NULL,
  `name` varchar(191) COLLATE utf8mb4_unicode_ci NOT NULL,
  `email` varchar(191) COLLATE utf8mb4_unicode_ci NOT NULL,
  `password` varchar(191) COLLATE utf8mb4_unicode_ci NOT NULL,
  `remember_token` varchar(100) COLLATE utf8mb4_unicode_ci DEFAULT NULL,
  `created_at` timestamp NULL DEFAULT NULL,
  `updated_at` timestamp NULL DEFAULT NULL
) ENGINE=InnoDB DEFAULT CHARSET=utf8mb4 COLLATE=utf8mb4_unicode_ci;

--
-- Dumping data for table `users`
--

INSERT INTO `users` (`id`, `name`, `email`, `password`, `remember_token`, `created_at`, `updated_at`) VALUES
(1, 'saniyad', 'chowdhurysaniyad@gmail.com', '$2y$10$IZp/Bm1V8A7WBi.IbZBCeeoz.vXzuoMaOwk6icgfG6yX6pPRkpA0y', 'oKTm76CtardQGWVW6NZCXdRJaLndqx47s4yzLxlwTbhZcOlb1Q11GxTDxWZZ', '2017-12-15 08:17:11', '2017-12-15 08:17:11'),
(2, 'dayan', 'dayan@gmail.com', '$2y$10$tU4uKiWkQWttipxum6VZC..ebqqToZU0WBYeXQsFoh.oeiz0sdIqW', 'LtWMl5Xdc13vNz7blHrZ4mwY9fvyaYl5vCdgpwmKZl0oz56xloqqXPNJLeuN', '2017-12-15 09:37:02', '2017-12-15 09:37:02'),
(3, 'reza', 'reza@gmail.com', '$2y$10$AgDYgOVDdegIja9DVtTUm.zke.r4.oFmj0NU8Ak4ARGWjDDyTBiS.', 'RwruROh7R9KnMaE4Law1PP0oIKDaB6GTTDXAg5Y95DWF6wx109pzVGmSZd4h', '2017-12-16 06:43:36', '2017-12-16 06:43:36'),
(4, 'salahuddin', 'salahuddin@gmail.com', '$2y$10$RD6/1jvHTEZf6wgyjcoNQufCfPfMx1JUUjineWuLf49fT9lAmS8PS', 'm5mNybFS8gGyolAPH9AAIr12IAcfcifWsOIX8a3grGMypcDkMwEDNDrLcW9d', '2017-12-16 22:56:42', '2017-12-16 22:56:42'),
(5, 'Mahir', 'mahir@gmail.com', '$2y$10$XgpKiBP/lLIPDWYBhymEPeN4rrIHqVMoFg5nCGKxgKQxp1U6UEAKq', 'zCd3N9OFGAHREXStjwVojKdYgtvXm6z9ytTyySkxnhvRcz4cTnuYnGNAmVsS', '2017-12-18 22:34:53', '2017-12-18 22:34:53'),
(6, 'reza', 'rezachy@gmail.com', '$2y$10$5uTYHW15T6ENZgsXgKZLHOW/0kmc8ecZNXfkMM6YvYBkurW/7O97S', 'LRzIvBq8VBD97nGN2RpObA4BlgNqO9bGcAERGtWZSpYREGza4yndPcSosisV', '2017-12-18 23:00:46', '2017-12-18 23:00:46'),
(7, 'mrk', 'mek2@gmail.com', '$2y$10$HgHYJ6ekUcR603csGyg84Oup8b7ngDR/EZUewhOkWOsw.NE8qTuqO', 'tbcVWD5wTB0LiCOTyvavTxBlikSE7aKwgwOlxLSTsBK2KK7eUW6ydC3VVPxb', '2017-12-18 23:03:50', '2017-12-18 23:03:50'),
(8, 'rabbi', 'rabbi1@gmail.com', '$2y$10$4kLDgGR7mu8c4rw1w4BX1.6JEOAhNYitdO1Z2kMcrrztvbqGoC0eW', 'VlhhkU8NLijYllbcwSk53QnWeRTjPcxRejgIcAUbv0us4BLGhiW3YmZxYt2M', '2017-12-18 23:11:15', '2017-12-18 23:11:15'),
(9, 'Md Rezaul karim', 'Rezaul@gmail.com', '$2y$10$kq0i4BFa79ZSO6oJZxYpb.jZyihzjntZNSDpX7ygdHw9RztzCL98K', 'PjmPmbzdv1P4FlCHgRcYgf4OtxwqwUPOS9aNtV6kKe4sEgmEzohVBAglSEj6', '2017-12-18 23:26:01', '2017-12-18 23:26:01'),
(10, 'saniyad hussain', 'saniyad@gmail.com', '$2y$10$RgteNytP6d0yrAfYBr4Qweo1Lr.1FfoakC81spG5UryaRbpo2ord2', NULL, '2017-12-18 23:55:32', '2017-12-18 23:55:32');

--
-- Indexes for dumped tables
--

--
-- Indexes for table `admins`
--
ALTER TABLE `admins`
  ADD PRIMARY KEY (`id`),
  ADD UNIQUE KEY `admins_email_unique` (`email`);

--
-- Indexes for table `migrations`
--
ALTER TABLE `migrations`
  ADD PRIMARY KEY (`id`);

--
-- Indexes for table `password_resets`
--
ALTER TABLE `password_resets`
  ADD KEY `password_resets_email_index` (`email`);

--
-- Indexes for table `posts`
--
ALTER TABLE `posts`
  ADD PRIMARY KEY (`id`);

--
-- Indexes for table `users`
--
ALTER TABLE `users`
  ADD PRIMARY KEY (`id`),
  ADD UNIQUE KEY `users_email_unique` (`email`);

--
-- AUTO_INCREMENT for dumped tables
--

--
-- AUTO_INCREMENT for table `admins`
--
ALTER TABLE `admins`
  MODIFY `id` int(10) UNSIGNED NOT NULL AUTO_INCREMENT, AUTO_INCREMENT=2;

--
-- AUTO_INCREMENT for table `migrations`
--
ALTER TABLE `migrations`
  MODIFY `id` int(10) UNSIGNED NOT NULL AUTO_INCREMENT, AUTO_INCREMENT=9;

--
-- AUTO_INCREMENT for table `posts`
--
ALTER TABLE `posts`
  MODIFY `id` int(10) UNSIGNED NOT NULL AUTO_INCREMENT, AUTO_INCREMENT=29;

--
-- AUTO_INCREMENT for table `users`
--
ALTER TABLE `users`
  MODIFY `id` int(10) UNSIGNED NOT NULL AUTO_INCREMENT, AUTO_INCREMENT=11;
COMMIT;

/*!40101 SET CHARACTER_SET_CLIENT=@OLD_CHARACTER_SET_CLIENT */;
/*!40101 SET CHARACTER_SET_RESULTS=@OLD_CHARACTER_SET_RESULTS */;
/*!40101 SET COLLATION_CONNECTION=@OLD_COLLATION_CONNECTION */;
